"Epic","Feature","Story","FAILED","BROKEN","PASSED","SKIPPED","UNKNOWN"
"","Authentication","Signup Page","0","0","1","0","0"
"","Job Applications","Export","0","0","1","0","0"
"","Job Applications","Delete Job","0","0","1","0","0"
"","Authentication","Access Control","0","0","1","0","0"
"","Job Applications","Search","0","0","1","0","0"
"","Job Applications","Form Validation","0","0","1","0","0"
"","Job Applications","Filter","0","0","1","0","0"
"","Authentication","Login Page","0","0","1","0","0"
"","Job Applications","Edit Job","0","0","1","0","0"
"","Job Applications","Add Job","0","0","1","0","0"
