"BROKEN","EPIC","FAILED","FEATURE","PASSED","SKIPPED","STORY","UNKNOWN"
"0","","0","Job Applications","1","0","Search","0"
"0","","0","Job Applications","1","0","Filter","0"
"0","","0","Job Applications","1","0","Edit Job","0"
"0","","0","Job Applications","1","0","Export","0"
"0","","0","Job Applications","1","0","Add Job","0"
"0","","0","Job Applications","1","0","Form Validation","0"
"0","","0","Authentication","1","0","Signup Page","0"
"0","","0","Job Applications","1","0","Delete Job","0"
"0","","0","Authentication","1","0","Login Page","0"
"0","","0","Authentication","1","0","Access Control","0"
